fname,label
00326aa9.wav,Oboe Clarinet Bark
0038a046.wav,Bass_drum Keys_jangling Shatter
007759c4.wav,Flute Clarinet Saxophone
008afd93.wav,Saxophone Flute Trumpet
00ae03f6.wav,Chime Hi-hat Bark
00eac343.wav,Clarinet Electric_piano Violin_or_fiddle
010a0b3a.wav,Hi-hat Tambourine Chime
01a5a2a3.wav,Bark Laughter Cough
01bb344f.wav,Acoustic_guitar Flute Hi-hat
02107093.wav,Electric_piano Gong Knock
02198549.wav,Tearing Keys_jangling Shatter
023eab1f.wav,Double_bass Trumpet Bark
028db587.wav,Double_bass Gong Violin_or_fiddle
02960f07.wav,Scissors Writing Bark
02fb6c5b.wav,Knock Writing Squeak
030db750.wav,Microwave_oven Squeak Chime
03319789.wav,Laughter Trumpet Oboe
0381efd3.wav,Double_bass Acoustic_guitar Cello
03c5bfbb.wav,Gunshot_or_gunfire Bass_drum Snare_drum
0422b811.wav,Burping_or_eructation Laughter Cough
0459ee65.wav,Clarinet Flute Saxophone
04605af5.wav,Shatter Chime Hi-hat
046486df.wav,Computer_keyboard Tearing Trumpet
047bf19c.wav,Clarinet Flute Electric_piano
04ab46a9.wav,Cello Double_bass Acoustic_guitar
04ab4e22.wav,Tambourine Keys_jangling Shatter
04b249bd.wav,Writing Drawer_open_or_close Shatter
04ecda67.wav,Bass_drum Knock Fireworks
053e7bb5.wav,Snare_drum Applause Cough
05723b3a.wav,Cello Double_bass Bark
057425e6.wav,Fart Squeak Tearing
0586f0e0.wav,Meow Squeak Harmonica
058e63ea.wav,Tambourine Chime Meow
059d5420.wav,Saxophone Flute Electric_piano
05ad10fb.wav,Trumpet Harmonica Flute
05c8453f.wav,Gunshot_or_gunfire Fireworks Bark
05fc58ee.wav,Gunshot_or_gunfire Bus Bass_drum
06123abf.wav,Acoustic_guitar Gong Cello
0638da1a.wav,Violin_or_fiddle Snare_drum Harmonica
06775f3c.wav,Meow Snare_drum Laughter
06c535eb.wav,Hi-hat Clarinet Writing
06e4c394.wav,Violin_or_fiddle Cello Squeak
07063bc9.wav,Keys_jangling Computer_keyboard Writing
0716b51d.wav,Double_bass Snare_drum Cello
0761d26b.wav,Applause Fireworks Gunshot_or_gunfire
07682400.wav,Oboe Saxophone Clarinet
079faac8.wav,Harmonica Squeak Laughter
07c8463e.wav,Fart Cough Laughter
07c95625.wav,Meow Harmonica Squeak
07cf422e.wav,Acoustic_guitar Violin_or_fiddle Electric_piano
07d5cca9.wav,Oboe Clarinet Flute
0844d331.wav,Oboe Clarinet Flute
08904a43.wav,Violin_or_fiddle Bark Shatter
08d23bb8.wav,Gong Trumpet Bark
08e27974.wav,Shatter Keys_jangling Gunshot_or_gunfire
09553ca1.wav,Bass_drum Double_bass Knock
0967cebd.wav,Saxophone Clarinet Oboe
097cdef5.wav,Violin_or_fiddle Acoustic_guitar Cello
0995f876.wav,Bark Saxophone Flute
09c9b50b.wav,Saxophone Trumpet Acoustic_guitar
09d0535a.wav,Snare_drum Hi-hat Fart
09d2d1c0.wav,Saxophone Chime Glockenspiel
09e83f2a.wav,Saxophone Fart Telephone
0a23fde2.wav,Squeak Meow Tearing
0a5cbf90.wav,Chime Flute Electric_piano
0a695221.wav,Meow Keys_jangling Gunshot_or_gunfire
0adf81d5.wav,Bark Hi-hat Writing
0b32ee85.wav,Trumpet Flute Double_bass
0b430780.wav,Gunshot_or_gunfire Fireworks Bass_drum
0b495758.wav,Fart Meow Gunshot_or_gunfire
0b4bb93c.wav,Tambourine Keys_jangling Chime
0b79fdea.wav,Hi-hat Keys_jangling Shatter
0bb807c0.wav,Clarinet Flute Saxophone
0c91a6b2.wav,Bark Harmonica Meow
0cb0d029.wav,Cough Laughter Burping_or_eructation
0d34cc5a.wav,Gunshot_or_gunfire Shatter Snare_drum
0d6e2584.wav,Cough Bark Laughter
0d976b22.wav,Bass_drum Meow Cough
0d99cfde.wav,Trumpet Cough Flute
0da2acf4.wav,Fart Tearing Computer_keyboard
0db65bf4.wav,Clarinet Writing Drawer_open_or_close
0e23a6f4.wav,Keys_jangling Shatter Writing
0e398b30.wav,Clarinet Electric_piano Shatter
0e3b99ce.wav,Fart Chime Tambourine
0e70bdaa.wav,Flute Trumpet Meow
0e722a03.wav,Bass_drum Meow Knock
0e7aea38.wav,Gong Acoustic_guitar Bark
0ed387f3.wav,Tearing Writing Fart
0ef36ea1.wav,Harmonica Chime Hi-hat
0f4edd6e.wav,Tearing Shatter Trumpet
0f5182eb.wav,Bark Gunshot_or_gunfire Fireworks
0f53de64.wav,Writing Snare_drum Tearing
0f6b702d.wav,Laughter Cough Burping_or_eructation
0f712cb7.wav,Oboe Trumpet Harmonica
0fba4394.wav,Cello Double_bass Acoustic_guitar
0fcd2371.wav,Applause Bark Tearing
0fd76662.wav,Saxophone Flute Clarinet
0fe4be7c.wav,Bass_drum Applause Gunshot_or_gunfire
0fe4e425.wav,Oboe Flute Clarinet
10145c52.wav,Chime Shatter Squeak
10dba05f.wav,Gong Trumpet Acoustic_guitar
1146e063.wav,Cello Acoustic_guitar Flute
116b77d5.wav,Cough Laughter Bark
11704d14.wav,Computer_keyboard Tearing Meow
117dcac8.wav,Gunshot_or_gunfire Fireworks Drawer_open_or_close
11edc852.wav,Acoustic_guitar Saxophone Snare_drum
12a0327a.wav,Clarinet Electric_piano Fireworks
12bfa703.wav,Cough Flute Saxophone
12d71e7f.wav,Shatter Tearing Fireworks
12fb2e35.wav,Applause Bark Shatter
13489639.wav,Squeak Oboe Flute
139ab603.wav,Meow Shatter Squeak
139aebb0.wav,Saxophone Violin_or_fiddle Double_bass
1472c52c.wav,Gunshot_or_gunfire Bark Fireworks
14a40516.wav,Trumpet Saxophone Oboe
14dcf709.wav,Violin_or_fiddle Saxophone Trumpet
14f70585.wav,Flute Clarinet Saxophone
15389a70.wav,Clarinet Saxophone Writing
15719ed6.wav,Clarinet Flute Bark
158a30ac.wav,Acoustic_guitar Cello Flute
15bc9bf6.wav,Bass_drum Knock Acoustic_guitar
15bfb7ad.wav,Acoustic_guitar Writing Clarinet
15df8abd.wav,Saxophone Flute Clarinet
163b9ad7.wav,Violin_or_fiddle Glockenspiel Electric_piano
169187fd.wav,Shatter Keys_jangling Tearing
1692752a.wav,Acoustic_guitar Bass_drum Trumpet
16a2e687.wav,Cough Laughter Fart
16aaa6b7.wav,Tambourine Hi-hat Shatter
16d0c74a.wav,Violin_or_fiddle Fireworks Clarinet
1779afe8.wav,Electric_piano Double_bass Acoustic_guitar
1796f9cb.wav,Clarinet Flute Saxophone
17a4e6f1.wav,Chime Glockenspiel Shatter
17c6a405.wav,Applause Bark Gunshot_or_gunfire
17cb084e.wav,Laughter Bark Cough
17cfddcf.wav,Violin_or_fiddle Bark Chime
17e829a7.wav,Writing Bark Shatter
17fc511c.wav,Microwave_oven Computer_keyboard Drawer_open_or_close
1810cd33.wav,Harmonica Violin_or_fiddle Cello
181505d1.wav,Clarinet Flute Bark
1837f058.wav,Bark Drawer_open_or_close Squeak
1850e006.wav,Tearing Gunshot_or_gunfire Shatter
18b390aa.wav,Harmonica Acoustic_guitar Laughter
18b60e7c.wav,Keys_jangling Tearing Shatter
18bc6c72.wav,Bus Gunshot_or_gunfire Fireworks
18d8abc6.wav,Violin_or_fiddle Trumpet Fart
190f0ca0.wav,Flute Clarinet Cough
191087dd.wav,Hi-hat Shatter Chime
192ddfa1.wav,Keys_jangling Shatter Writing
19416771.wav,Fart Telephone Cough
19536d06.wav,Finger_snapping Meow Trumpet
19a686e2.wav,Cello Double_bass Acoustic_guitar
19c987c6.wav,Hi-hat Snare_drum Shatter
19e18ee3.wav,Bark Chime Laughter
19e6ef89.wav,Fart Chime Meow
1a21ea60.wav,Snare_drum Shatter Keys_jangling
1a281fda.wav,Trumpet Clarinet Flute
1a29b341.wav,Writing Keys_jangling Tearing
1a2f7f1a.wav,Laughter Fart Bark
1a35ff8a.wav,Hi-hat Shatter Snare_drum
1a4cd763.wav,Gong Trumpet Cello
1a7618a1.wav,Saxophone Violin_or_fiddle Squeak
1ace26c4.wav,Applause Shatter Bark
1b004964.wav,Bass_drum Acoustic_guitar Snare_drum
1b12b1e4.wav,Violin_or_fiddle Trumpet Hi-hat
1b75d261.wav,Finger_snapping Computer_keyboard Tearing
1b7c4e2b.wav,Violin_or_fiddle Clarinet Harmonica
1bb20333.wav,Gong Trumpet Squeak
1c01994c.wav,Computer_keyboard Writing Microwave_oven
1c1562b1.wav,Clarinet Violin_or_fiddle Acoustic_guitar
1c35850e.wav,Harmonica Flute Violin_or_fiddle
1c365ceb.wav,Tearing Keys_jangling Scissors
1cb49809.wav,Violin_or_fiddle Clarinet Squeak
1cbdc6d4.wav,Gong Squeak Fart
1d2feaeb.wav,Telephone Meow Fart
1d34997d.wav,Chime Shatter Hi-hat
1d49edfa.wav,Trumpet Meow Saxophone
1d73513c.wav,Applause Fart Gunshot_or_gunfire
1d987419.wav,Electric_piano Acoustic_guitar Trumpet
1dba45ae.wav,Gunshot_or_gunfire Fart Shatter
1dec0b63.wav,Tearing Keys_jangling Shatter
1e16cb1d.wav,Shatter Keys_jangling Fart
1e446435.wav,Flute Clarinet Cough
1e5863c9.wav,Chime Bus Squeak
1e8ff880.wav,Violin_or_fiddle Flute Cello
1e92e05a.wav,Writing Fart Tearing
1ec6c9c2.wav,Knock Meow Shatter
1ef40308.wav,Gunshot_or_gunfire Fireworks Bass_drum
1f312f80.wav,Cowbell Flute Meow
1f3856c2.wav,Fireworks Fart Gunshot_or_gunfire
1f389629.wav,Meow Clarinet Shatter
1f41ab46.wav,Applause Tearing Shatter
1f8ce32b.wav,Meow Keys_jangling Shatter
1fc58e0f.wav,Drawer_open_or_close Computer_keyboard Bark
1fd0397d.wav,Shatter Knock Squeak
1fe092a5.wav,Cello Double_bass Saxophone
201971e7.wav,Flute Clarinet Cough
201b29ef.wav,Clarinet Cough Flute
2058f848.wav,Violin_or_fiddle Acoustic_guitar Flute
207b5701.wav,Hi-hat Fart Shatter
20a9b42d.wav,Bass_drum Electric_piano Snare_drum
20ef27a9.wav,Squeak Cough Tambourine
2103391b.wav,Oboe Flute Squeak
2174fe5c.wav,Acoustic_guitar Flute Violin_or_fiddle
2187cb81.wav,Violin_or_fiddle Cello Squeak
2196f89c.wav,Violin_or_fiddle Clarinet Flute
21acb432.wav,Harmonica Trumpet Hi-hat
21d36543.wav,Clarinet Cough Saxophone
22025272.wav,Acoustic_guitar Chime Electric_piano
22244948.wav,Chime Bus Meow
223b7df6.wav,Flute Violin_or_fiddle Cough
224ab14d.wav,Clarinet Flute Acoustic_guitar
224de930.wav,Fart Cough Bark
22f3b36c.wav,Oboe Clarinet Saxophone
22f70afe.wav,Acoustic_guitar Violin_or_fiddle Scissors
23071dd2.wav,Harmonica Hi-hat Cough
230ce5d5.wav,Saxophone Violin_or_fiddle Flute
23300ded.wav,Fireworks Gunshot_or_gunfire Applause
2423598a.wav,Knock Bark Double_bass
2442e7c6.wav,Meow Bark Laughter
247a90a0.wav,Bark Laughter Cough
2487cd7b.wav,Knock Cough Computer_keyboard
24adc8ef.wav,Cello Trumpet Double_bass
24cb7cdd.wav,Violin_or_fiddle Clarinet Squeak
24f112b3.wav,Oboe Clarinet Flute
25988d89.wav,Chime Telephone Meow
25eb383d.wav,Electric_piano Acoustic_guitar Knock
266f7023.wav,Keys_jangling Glockenspiel Microwave_oven
2676d124.wav,Clarinet Saxophone Trumpet
26d01867.wav,Oboe Trumpet Flute
26e34006.wav,Chime Shatter Squeak
27172052.wav,Burping_or_eructation Cough Laughter
2750c860.wav,Meow Squeak Cello
276f8f90.wav,Trumpet Violin_or_fiddle Fart
27d61cf7.wav,Bus Bass_drum Squeak
27ebc5bc.wav,Acoustic_guitar Violin_or_fiddle Cello
2804c60c.wav,Harmonica Cough Clarinet
280a3d2b.wav,Drawer_open_or_close Knock Writing
280e6f34.wav,Gunshot_or_gunfire Fireworks Shatter
282133d1.wav,Microwave_oven Bark Squeak
2849b57a.wav,Cough Bark Laughter
286df5e5.wav,Burping_or_eructation Keys_jangling Fart
28815c9a.wav,Shatter Tambourine Fart
288c4290.wav,Meow Fart Laughter
28b6ff25.wav,Keys_jangling Shatter Scissors
28c65e4d.wav,Violin_or_fiddle Trumpet Harmonica
28e59c89.wav,Acoustic_guitar Double_bass Gong
29031e07.wav,Writing Computer_keyboard Tearing
29730e21.wav,Saxophone Cello Double_bass
2976b7eb.wav,Double_bass Acoustic_guitar Electric_piano
299606e0.wav,Saxophone Flute Clarinet
2a4a615f.wav,Saxophone Oboe Trumpet
2ac77c6a.wav,Violin_or_fiddle Clarinet Trumpet
2b14749b.wav,Bark Gunshot_or_gunfire Fart
2b8f6e49.wav,Violin_or_fiddle Clarinet Flute
2bb34f54.wav,Cough Writing Clarinet
2c14ed19.wav,Cello Fart Acoustic_guitar
2c403fbe.wav,Electric_piano Acoustic_guitar Bass_drum
2cb6b373.wav,Meow Squeak Trumpet
2cc34e65.wav,Double_bass Cello Acoustic_guitar
2d0c1839.wav,Hi-hat Trumpet Flute
2d1863d6.wav,Saxophone Fart Acoustic_guitar
2d21041f.wav,Acoustic_guitar Cello Double_bass
2d62f754.wav,Keys_jangling Shatter Microwave_oven
2d6de409.wav,Trumpet Flute Violin_or_fiddle
2d860064.wav,Flute Clarinet Cough
2daa759d.wav,Saxophone Telephone Acoustic_guitar
2e276aaa.wav,Violin_or_fiddle Flute Clarinet
2e42ccd2.wav,Trumpet Oboe Harmonica
2eaff904.wav,Hi-hat Shatter Squeak
2ec85d18.wav,Cello Double_bass Snare_drum
2f009392.wav,Saxophone Harmonica Violin_or_fiddle
2f1c2612.wav,Keys_jangling Shatter Chime
2fd2722a.wav,Oboe Cello Saxophone
2fefb864.wav,Bark Laughter Meow
3077dab1.wav,Applause Bark Trumpet
30881d07.wav,Shatter Keys_jangling Hi-hat
30a320a3.wav,Laughter Cough Bark
30eb5385.wav,Telephone Electric_piano Fart
3132a40c.wav,Computer_keyboard Keys_jangling Writing
315e2cf1.wav,Flute Laughter Cough
316e82b0.wav,Acoustic_guitar Violin_or_fiddle Double_bass
318ad3a7.wav,Cello Microwave_oven Shatter
3192a42d.wav,Cough Laughter Fart
31bf625c.wav,Acoustic_guitar Chime Trumpet
31c1e915.wav,Flute Clarinet Cough
32393924.wav,Gong Acoustic_guitar Chime
3263223e.wav,Cowbell Flute Glockenspiel
327bdcaa.wav,Bark Laughter Cough
32a5773b.wav,Violin_or_fiddle Trumpet Applause
32bf60d9.wav,Clarinet Violin_or_fiddle Saxophone
32e67c5c.wav,Cowbell Flute Meow
32fe0550.wav,Fart Hi-hat Bus
33596f0a.wav,Knock Computer_keyboard Cough
335d009e.wav,Chime Hi-hat Squeak
3374eb78.wav,Computer_keyboard Knock Shatter
33a0c53d.wav,Chime Shatter Gong
33ed1199.wav,Shatter Drawer_open_or_close Writing
34404331.wav,Violin_or_fiddle Hi-hat Cowbell
34409de5.wav,Harmonica Acoustic_guitar Violin_or_fiddle
346a3906.wav,Bass_drum Fireworks Gunshot_or_gunfire
34a3bc46.wav,Flute Saxophone Violin_or_fiddle
34cddac7.wav,Snare_drum Shatter Hi-hat
351dcc25.wav,Electric_piano Acoustic_guitar Flute
352c769d.wav,Cello Acoustic_guitar Writing
352f143a.wav,Saxophone Acoustic_guitar Double_bass
355eeedf.wav,Chime Keys_jangling Hi-hat
356cab15.wav,Flute Trumpet Saxophone
35bb05b0.wav,Bus Microwave_oven Meow
35e1140b.wav,Gunshot_or_gunfire Fireworks Bark
360e9c8e.wav,Saxophone Double_bass Telephone
361c028f.wav,Saxophone Bark Laughter
364d2e90.wav,Acoustic_guitar Electric_piano Bark
36a2202d.wav,Tambourine Shatter Chime
36e7790c.wav,Violin_or_fiddle Harmonica Flute
37398fcb.wav,Saxophone Cough Fart
374c8729.wav,Shatter Writing Burping_or_eructation
375d2777.wav,Meow Laughter Bark
37d02372.wav,Shatter Gong Flute
38284f2a.wav,Saxophone Flute Oboe
3831e47e.wav,Acoustic_guitar Fart Snare_drum
3863cc53.wav,Glockenspiel Electric_piano Chime
38957ab8.wav,Gunshot_or_gunfire Bark Fireworks
38a944f7.wav,Knock Cough Shatter
38ae005d.wav,Squeak Bark Tearing
38cc6c04.wav,Violin_or_fiddle Acoustic_guitar Scissors
38df02f9.wav,Writing Tearing Scissors
38f2e0c4.wav,Saxophone Clarinet Laughter
3919052c.wav,Cough Shatter Gunshot_or_gunfire
392819ad.wav,Bass_drum Drawer_open_or_close Knock
39409d9a.wav,Gunshot_or_gunfire Shatter Knock
39559fac.wav,Applause Trumpet Fart
39a745ef.wav,Violin_or_fiddle Flute Trumpet
39b23710.wav,Meow Cello Bark
3a2dd0df.wav,Flute Clarinet Saxophone
3a5f8a0d.wav,Saxophone Oboe Clarinet
3a6800f9.wav,Cello Saxophone Acoustic_guitar
3a891940.wav,Cello Violin_or_fiddle Acoustic_guitar
3ab2be0f.wav,Violin_or_fiddle Cowbell Glockenspiel
3ac46d6b.wav,Electric_piano Telephone Meow
3ad721ec.wav,Tambourine Hi-hat Shatter
3ad731d5.wav,Microwave_oven Bark Squeak
3add7ae7.wav,Clarinet Oboe Flute
3b6964dc.wav,Hi-hat Keys_jangling Tambourine
3b95f75a.wav,Electric_piano Trumpet Acoustic_guitar
3bb0dc97.wav,Violin_or_fiddle Shatter Flute
3c0e6e53.wav,Harmonica Flute Oboe
3c1629c6.wav,Writing Bark Cough
3c7db3ac.wav,Trumpet Squeak Bass_drum
3cca9c37.wav,Bark Fireworks Chime
3cdf8846.wav,Meow Bass_drum Telephone
3ce96793.wav,Oboe Trumpet Clarinet
3d5cf3f8.wav,Electric_piano Chime Keys_jangling
3d5d1b2b.wav,Oboe Saxophone Clarinet
3e28d521.wav,Oboe Squeak Cough
3e810d62.wav,Cough Bark Acoustic_guitar
3ea22ce1.wav,Saxophone Clarinet Flute
3ea7a660.wav,Saxophone Trumpet Flute
3ea8071a.wav,Knock Writing Gunshot_or_gunfire
3eaf7d6f.wav,Acoustic_guitar Bark Electric_piano
3ed76a58.wav,Fart Tearing Shatter
3f1983c4.wav,Chime Hi-hat Keys_jangling
3f303b25.wav,Glockenspiel Electric_piano Acoustic_guitar
3f7c6870.wav,Double_bass Acoustic_guitar Cello
3fa164e1.wav,Flute Trumpet Oboe
3fb0052f.wav,Keys_jangling Shatter Tambourine
406845db.wav,Clarinet Flute Saxophone
406c7d4a.wav,Fart Bark Finger_snapping
40d3c212.wav,Shatter Keys_jangling Computer_keyboard
40f595b9.wav,Cello Acoustic_guitar Violin_or_fiddle
4110cbce.wav,Gong Flute Squeak
41111461.wav,Bark Shatter Fireworks
416d2ced.wav,Bass_drum Shatter Gunshot_or_gunfire
41703f1f.wav,Tambourine Meow Chime
41780230.wav,Bass_drum Shatter Fart
41990e60.wav,Snare_drum Bass_drum Hi-hat
419941be.wav,Chime Microwave_oven Bark
41a968ad.wav,Knock Gunshot_or_gunfire Cough
41b78889.wav,Meow Finger_snapping Trumpet
41ebdb67.wav,Harmonica Flute Trumpet
41ee0c63.wav,Laughter Bark Meow
4223de81.wav,Bark Microwave_oven Drawer_open_or_close
42557556.wav,Gong Trumpet Meow
426189f7.wav,Bass_drum Electric_piano Snare_drum
42a32da8.wav,Bark Keys_jangling Shatter
430a19a8.wav,Clarinet Saxophone Bark
432d77c9.wav,Saxophone Cello Double_bass
433221cb.wav,Saxophone Oboe Flute
433490d3.wav,Double_bass Cello Knock
433726c5.wav,Harmonica Violin_or_fiddle Meow
433d59e7.wav,Hi-hat Tambourine Keys_jangling
43723640.wav,Bass_drum Clarinet Keys_jangling
439acbcc.wav,Cello Double_bass Acoustic_guitar
43e22dad.wav,Chime Keys_jangling Shatter
43e2dc35.wav,Cowbell Flute Hi-hat
441b8b36.wav,Applause Gunshot_or_gunfire Tearing
443a5ad9.wav,Bass_drum Double_bass Keys_jangling
448757e5.wav,Writing Tearing Bark
44e4f598.wav,Violin_or_fiddle Cello Acoustic_guitar
4502efbb.wav,Finger_snapping Gunshot_or_gunfire Keys_jangling
451d1eb2.wav,Telephone Cowbell Shatter
452da28b.wav,Gunshot_or_gunfire Fart Fireworks
456a12f6.wav,Acoustic_guitar Gong Electric_piano
45acd2f0.wav,Fireworks Writing Laughter
45d66815.wav,Oboe Clarinet Flute
45e681c2.wav,Fireworks Shatter Gunshot_or_gunfire
45fc6c9b.wav,Fireworks Drawer_open_or_close Bark
46121269.wav,Double_bass Acoustic_guitar Cello
462a705d.wav,Saxophone Cello Telephone
46380229.wav,Violin_or_fiddle Flute Cello
4698193e.wav,Drawer_open_or_close Trumpet Microwave_oven
46b06055.wav,Clarinet Flute Saxophone
46b5a369.wav,Chime Glockenspiel Shatter
46d15a22.wav,Bass_drum Applause Bus
47538a81.wav,Saxophone Bark Laughter
4797fc8b.wav,Tambourine Hi-hat Keys_jangling
479ab3cf.wav,Shatter Hi-hat Tambourine
47eba90e.wav,Applause Cough Bark
47ebd5f5.wav,Computer_keyboard Fireworks Trumpet
47f7b3fa.wav,Bark Gunshot_or_gunfire Fireworks
481623f9.wav,Shatter Cowbell Hi-hat
487673e8.wav,Chime Glockenspiel Shatter
4897e0db.wav,Bass_drum Writing Double_bass
492bacbe.wav,Scissors Keys_jangling Tearing
499d675b.wav,Hi-hat Snare_drum Bass_drum
49e3ba53.wav,Harmonica Acoustic_guitar Squeak
49ef9965.wav,Gong Trumpet Clarinet
4a51b1a7.wav,Chime Glockenspiel Electric_piano
4a6014e0.wav,Clarinet Flute Cough
4b036d3e.wav,Cough Flute Telephone
4b2f981f.wav,Applause Trumpet Bus
4b500664.wav,Scissors Keys_jangling Tearing
4b835e6e.wav,Saxophone Laughter Meow
4b8aa2a7.wav,Tambourine Meow Shatter
4bdbe014.wav,Fireworks Gunshot_or_gunfire Drawer_open_or_close
4bf41551.wav,Oboe Trumpet Clarinet
4c00af54.wav,Acoustic_guitar Electric_piano Keys_jangling
4c4c7af0.wav,Laughter Cough Tambourine
4c7201d9.wav,Cello Double_bass Violin_or_fiddle
4c87caf5.wav,Saxophone Clarinet Bark
4cb7535c.wav,Fart Squeak Computer_keyboard
4cd85b98.wav,Keys_jangling Tearing Shatter
4d4897af.wav,Double_bass Acoustic_guitar Saxophone
4d98c85a.wav,Bass_drum Hi-hat Fart
4e0759b2.wav,Chime Telephone Squeak
4e268ce9.wav,Fart Tearing Hi-hat
4e2885b5.wav,Meow Fart Squeak
4e395bf5.wav,Cough Bark Laughter
4e5a7022.wav,Saxophone Meow Double_bass
4e8087bd.wav,Oboe Flute Squeak
4ed15aa6.wav,Tearing Keys_jangling Fart
4f83ce81.wav,Double_bass Saxophone Cough
4f8dc3e1.wav,Tambourine Keys_jangling Electric_piano
4fb1f152.wav,Trumpet Double_bass Clarinet
500fa310.wav,Gong Telephone Cowbell
5014dfcc.wav,Oboe Harmonica Electric_piano
5064c8f4.wav,Chime Bark Microwave_oven
507932b4.wav,Gong Clarinet Tearing
509dd8b8.wav,Glockenspiel Chime Microwave_oven
50c16716.wav,Clarinet Cough Shatter
51100727.wav,Harmonica Hi-hat Snare_drum
513a619e.wav,Hi-hat Shatter Keys_jangling
51755110.wav,Bark Laughter Cough
518f0af2.wav,Tambourine Meow Chime
51ab7f85.wav,Trumpet Flute Oboe
51d2ac05.wav,Cowbell Trumpet Flute
52028c0d.wav,Oboe Saxophone Trumpet
520dd11d.wav,Acoustic_guitar Violin_or_fiddle Cello
52264aa1.wav,Microwave_oven Chime Bus
523f63b1.wav,Saxophone Bark Trumpet
523f818d.wav,Cough Laughter Fart
52635c8a.wav,Gunshot_or_gunfire Fireworks Shatter
529c08a0.wav,Acoustic_guitar Electric_piano Gong
52aaf874.wav,Tearing Shatter Fart
52b5fae8.wav,Saxophone Flute Fart
52f1a01d.wav,Cello Acoustic_guitar Gong
531c52d1.wav,Flute Clarinet Trumpet
535b5dcd.wav,Flute Violin_or_fiddle Clarinet
536199a4.wav,Telephone Cowbell Bass_drum
536c4991.wav,Meow Cowbell Trumpet
539c0118.wav,Double_bass Snare_drum Acoustic_guitar
53b5253e.wav,Writing Drawer_open_or_close Microwave_oven
53ffaeb3.wav,Tearing Gunshot_or_gunfire Shatter
541f7fd3.wav,Flute Cowbell Microwave_oven
5459ae88.wav,Bark Shatter Gunshot_or_gunfire
54aa5112.wav,Laughter Bark Cough
5515cd5d.wav,Gong Hi-hat Flute
553f8a35.wav,Computer_keyboard Tearing Shatter
559c21bc.wav,Harmonica Violin_or_fiddle Clarinet
55b4939f.wav,Tambourine Chime Electric_piano
55d3227f.wav,Acoustic_guitar Bark Writing
55f687f3.wav,Harmonica Trumpet Meow
567d7ee2.wav,Flute Clarinet Cough
56c828a7.wav,Tearing Writing Keys_jangling
5708ddea.wav,Snare_drum Fart Gunshot_or_gunfire
570a1821.wav,Trumpet Fart Bark
57456bf8.wav,Harmonica Laughter Snare_drum
57d6baac.wav,Oboe Saxophone Clarinet
57f200ec.wav,Gunshot_or_gunfire Fireworks Bass_drum
580cf7d2.wav,Oboe Flute Cough
582bf94d.wav,Flute Trumpet Saxophone
583119bf.wav,Fart Tearing Squeak
583c89f0.wav,Harmonica Violin_or_fiddle Saxophone
5851365b.wav,Oboe Trumpet Laughter
58663e0d.wav,Flute Trumpet Oboe
587a184f.wav,Acoustic_guitar Cello Double_bass
58848256.wav,Tearing Writing Shatter
58a13aa9.wav,Trumpet Flute Squeak
59082bc2.wav,Chime Fireworks Acoustic_guitar
59214b26.wav,Electric_piano Clarinet Computer_keyboard
5924a0f4.wav,Writing Laughter Bark
597dc329.wav,Shatter Cough Bark
5997bbc5.wav,Clarinet Oboe Squeak
5a2b60df.wav,Cello Flute Squeak
5a3491fc.wav,Cello Oboe Violin_or_fiddle
5a8c58cf.wav,Flute Clarinet Trumpet
5b115dac.wav,Flute Clarinet Oboe
5b37a914.wav,Gunshot_or_gunfire Bass_drum Shatter
5b3bd5e9.wav,Keys_jangling Shatter Hi-hat
5b408682.wav,Saxophone Writing Flute
5b42d271.wav,Double_bass Acoustic_guitar Flute
5b4ae941.wav,Bus Fireworks Bark
5b7ab76d.wav,Meow Squeak Writing
5b7c331b.wav,Clarinet Flute Cough
5bc83585.wav,Saxophone Oboe Squeak
5bd34855.wav,Bark Fart Writing
5be55652.wav,Squeak Fart Laughter
5c018580.wav,Clarinet Flute Bark
5c53c1ed.wav,Cello Double_bass Flute
5c9cee87.wav,Acoustic_guitar Electric_piano Cello
5cdfe908.wav,Gunshot_or_gunfire Fart Fireworks
5ceab91b.wav,Glockenspiel Chime Shatter
5d57c7a8.wav,Violin_or_fiddle Acoustic_guitar Scissors
5d8faaeb.wav,Clarinet Flute Cough
5da19fab.wav,Electric_piano Telephone Meow
5e0f8a17.wav,Cello Double_bass Writing
5e13e88e.wav,Bark Writing Cough
5e152e41.wav,Trumpet Saxophone Flute
5e239e56.wav,Oboe Trumpet Laughter
5e3e89f1.wav,Cough Bark Fart
5e5d1ee1.wav,Gunshot_or_gunfire Applause Bark
5e78e494.wav,Fireworks Gunshot_or_gunfire Shatter
5e80e0d9.wav,Trumpet Clarinet Bass_drum
5f3a797f.wav,Oboe Clarinet Flute
5f462f8a.wav,Flute Saxophone Violin_or_fiddle
5f9c52ba.wav,Flute Clarinet Trumpet
5f9fe430.wav,Squeak Gong Tearing
5fd78c8a.wav,Knock Gunshot_or_gunfire Drawer_open_or_close
60304185.wav,Violin_or_fiddle Flute Squeak
60307496.wav,Flute Saxophone Clarinet
604f9eba.wav,Cowbell Flute Hi-hat
60621005.wav,Trumpet Flute Violin_or_fiddle
60e7d60f.wav,Double_bass Bark Cough
60f3194b.wav,Burping_or_eructation Meow Cough
6115040b.wav,Cello Saxophone Fart
6116444a.wav,Saxophone Flute Clarinet
614dad27.wav,Knock Bark Writing
6182f387.wav,Telephone Bark Cello
61a2bd86.wav,Bus Microwave_oven Fireworks
61b032bc.wav,Cello Violin_or_fiddle Double_bass
61f9e879.wav,Oboe Cough Flute
627f0769.wav,Violin_or_fiddle Harmonica Trumpet
62c37666.wav,Tambourine Chime Shatter
62d7d671.wav,Telephone Electric_piano Cowbell
62dc74ed.wav,Scissors Tearing Keys_jangling
6374810b.wav,Flute Clarinet Harmonica
63b335dd.wav,Snare_drum Shatter Gunshot_or_gunfire
63fd0268.wav,Laughter Cough Meow
641e156b.wav,Oboe Hi-hat Shatter
64253f06.wav,Saxophone Bark Flute
64319f9a.wav,Trumpet Meow Fart
6448e0b2.wav,Applause Bass_drum Trumpet
6487d2ed.wav,Violin_or_fiddle Clarinet Acoustic_guitar
650022fe.wav,Double_bass Acoustic_guitar Trumpet
65ec2612.wav,Cough Trumpet Knock
66349cd4.wav,Trumpet Fart Applause
66444640.wav,Gunshot_or_gunfire Hi-hat Bark
66660ca1.wav,Tearing Shatter Writing
669b7d38.wav,Violin_or_fiddle Trumpet Hi-hat
669e70f6.wav,Saxophone Trumpet Flute
66c1e9de.wav,Keys_jangling Tearing Shatter
6747e1dd.wav,Flute Clarinet Meow
67658a94.wav,Bass_drum Bus Snare_drum
678cc7e1.wav,Saxophone Violin_or_fiddle Cello
6792c278.wav,Meow Bass_drum Trumpet
67d91e2b.wav,Cowbell Glockenspiel Chime
67eb9a30.wav,Shatter Fart Trumpet
67ec5ee0.wav,Chime Tambourine Keys_jangling
681842a2.wav,Hi-hat Shatter Snare_drum
6837f3bb.wav,Hi-hat Tearing Shatter
68397b21.wav,Saxophone Trumpet Oboe
684096d4.wav,Applause Trumpet Gunshot_or_gunfire
686d0322.wav,Acoustic_guitar Gong Bark
6888026f.wav,Writing Knock Keys_jangling
68d4d309.wav,Bass_drum Gunshot_or_gunfire Shatter
69166275.wav,Trumpet Saxophone Fart
69203905.wav,Clarinet Flute Cough
693994bb.wav,Flute Laughter Bark
695db66e.wav,Electric_piano Acoustic_guitar Clarinet
696cc865.wav,Clarinet Saxophone Flute
698f7dfd.wav,Gunshot_or_gunfire Tearing Trumpet
69ba69e3.wav,Double_bass Snare_drum Gunshot_or_gunfire
69cca687.wav,Squeak Laughter Microwave_oven
6a3a9e86.wav,Meow Hi-hat Gunshot_or_gunfire
6a4cac8d.wav,Keys_jangling Tearing Shatter
6a5304b5.wav,Burping_or_eructation Laughter Meow
6a720a79.wav,Meow Bark Flute
6a8317a5.wav,Electric_piano Keys_jangling Chime
6a8e3fbf.wav,Knock Bass_drum Cough
6aa576a2.wav,Double_bass Acoustic_guitar Electric_piano
6aaffcf2.wav,Fart Fireworks Bark
6ab2a13b.wav,Bark Laughter Fireworks
6ac32ae8.wav,Hi-hat Snare_drum Bass_drum
6b0629d4.wav,Cowbell Shatter Hi-hat
6b3d7d7e.wav,Fart Meow Writing
6b45c352.wav,Bark Gunshot_or_gunfire Shatter
6b65befd.wav,Cello Double_bass Clarinet
6b6c0405.wav,Writing Keys_jangling Tearing
6ba04f15.wav,Electric_piano Acoustic_guitar Chime
6ba93bc4.wav,Applause Bark Trumpet
6bb1c90d.wav,Flute Cough Clarinet
6bb55ddf.wav,Shatter Tearing Keys_jangling
6c05607a.wav,Cello Double_bass Acoustic_guitar
6c439697.wav,Trumpet Cough Oboe
6c4e791e.wav,Finger_snapping Tearing Fart
6c9a3eb2.wav,Cello Acoustic_guitar Violin_or_fiddle
6ca84692.wav,Fart Trumpet Oboe
6cd688bd.wav,Fireworks Gunshot_or_gunfire Applause
6d078308.wav,Gunshot_or_gunfire Applause Fireworks
6d27faa4.wav,Cello Double_bass Acoustic_guitar
6d3a3ce1.wav,Tambourine Meow Chime
6dcb6c44.wav,Keys_jangling Scissors Shatter
6dd8ac5b.wav,Gong Hi-hat Trumpet
6dded052.wav,Knock Gunshot_or_gunfire Writing
6de0ac67.wav,Knock Gunshot_or_gunfire Bass_drum
6de76397.wav,Burping_or_eructation Cowbell Shatter
6dfc8cf2.wav,Violin_or_fiddle Microwave_oven Shatter
6e32975d.wav,Laughter Cough Telephone
6e3e08b6.wav,Squeak Shatter Violin_or_fiddle
6ea0ef5e.wav,Telephone Tearing Meow
6ea3d885.wav,Trumpet Electric_piano Cello
6f2a72d4.wav,Cello Saxophone Gong
6f6177e3.wav,Clarinet Flute Saxophone
6f7fe040.wav,Finger_snapping Meow Trumpet
6f99603c.wav,Tambourine Meow Chime
6fe61dd6.wav,Cough Bark Squeak
6ffaaf83.wav,Clarinet Squeak Acoustic_guitar
704b6468.wav,Writing Bark Meow
7052d283.wav,Fireworks Squeak Bark
706a2d68.wav,Chime Shatter Bus
7080435f.wav,Keys_jangling Tearing Shatter
70836b66.wav,Cowbell Flute Fireworks
70aa12d6.wav,Microwave_oven Bus Fireworks
70afb5f8.wav,Burping_or_eructation Cough Laughter
70b64b2b.wav,Bark Shatter Writing
70b64fdc.wav,Acoustic_guitar Trumpet Cello
70b7505d.wav,Bark Fireworks Gunshot_or_gunfire
71055509.wav,Burping_or_eructation Cowbell Squeak
71107f1c.wav,Squeak Harmonica Clarinet
712ffdfb.wav,Oboe Trumpet Violin_or_fiddle
7132bfb1.wav,Trumpet Bark Cough
71441b4c.wav,Gong Squeak Meow
714efc78.wav,Bark Cough Shatter
715905f4.wav,Cough Burping_or_eructation Laughter
715db382.wav,Snare_drum Hi-hat Flute
71893c70.wav,Trumpet Oboe Chime
719a68f7.wav,Cowbell Burping_or_eructation Telephone
71c3d2a6.wav,Knock Shatter Meow
72418c07.wav,Trumpet Clarinet Flute
7251fb2f.wav,Double_bass Acoustic_guitar Cello
72828b0d.wav,Violin_or_fiddle Trumpet Fart
728c27f1.wav,Cello Violin_or_fiddle Double_bass
729d69a5.wav,Squeak Fireworks Writing
72fbaa43.wav,Bark Cough Microwave_oven
73050965.wav,Snare_drum Acoustic_guitar Trumpet
7336a65e.wav,Tearing Shatter Writing
73414bd0.wav,Tambourine Keys_jangling Shatter
7358244d.wav,Applause Fireworks Gunshot_or_gunfire
736dfa08.wav,Violin_or_fiddle Acoustic_guitar Gunshot_or_gunfire
73bae886.wav,Violin_or_fiddle Electric_piano Gong
741fba2b.wav,Gunshot_or_gunfire Hi-hat Snare_drum
7427ecfa.wav,Applause Tearing Gunshot_or_gunfire
743ab59b.wav,Scissors Tearing Keys_jangling
747203e4.wav,Tambourine Meow Shatter
74ebbfd1.wav,Violin_or_fiddle Harmonica Cello
751a5a36.wav,Chime Keys_jangling Hi-hat
75306f5f.wav,Hi-hat Flute Harmonica
7547651b.wav,Oboe Cough Microwave_oven
757a6a10.wav,Cello Acoustic_guitar Scissors
75962078.wav,Drawer_open_or_close Bark Shatter
75bbb109.wav,Flute Telephone Bark
75c43c78.wav,Shatter Keys_jangling Electric_piano
75d1d7bb.wav,Applause Trumpet Shatter
75e35e02.wav,Bark Laughter Cough
762fec32.wav,Chime Microwave_oven Telephone
76306f8b.wav,Bark Laughter Cough
763241e6.wav,Clarinet Flute Cough
763efe7a.wav,Bark Meow Laughter
76631c30.wav,Writing Tearing Shatter
766d0eb4.wav,Shatter Keys_jangling Tearing
76bbb226.wav,Finger_snapping Bark Fart
76fbffde.wav,Finger_snapping Meow Cowbell
7708ebd8.wav,Violin_or_fiddle Clarinet Glockenspiel
7717a15e.wav,Double_bass Bark Flute
77393d30.wav,Bark Shatter Drawer_open_or_close
7759b661.wav,Oboe Flute Trumpet
775b0759.wav,Violin_or_fiddle Cello Double_bass
778670a2.wav,Tearing Computer_keyboard Writing
778a1978.wav,Harmonica Violin_or_fiddle Acoustic_guitar
77ee306d.wav,Oboe Saxophone Trumpet
7806316e.wav,Bark Gunshot_or_gunfire Applause
7811be44.wav,Fart Cough Chime
7820fdd4.wav,Tearing Shatter Computer_keyboard
782f4030.wav,Chime Glockenspiel Microwave_oven
786eb056.wav,Harmonica Trumpet Saxophone
788430c5.wav,Oboe Clarinet Trumpet
78c53e09.wav,Bark Cough Writing
78d550c4.wav,Writing Tearing Keys_jangling
78e6d1e7.wav,Saxophone Oboe Clarinet
7935b0e2.wav,Cello Double_bass Knock
797780fa.wav,Saxophone Trumpet Clarinet
79a18311.wav,Saxophone Double_bass Telephone
7a135d94.wav,Finger_snapping Meow Cowbell
7a1461f6.wav,Cowbell Flute Trumpet
7a21d4ba.wav,Flute Acoustic_guitar Electric_piano
7a52fb48.wav,Laughter Bark Fireworks
7a774e4f.wav,Clarinet Saxophone Flute
7abe967a.wav,Violin_or_fiddle Finger_snapping Flute
7ac649fa.wav,Cowbell Flute Chime
7b2d48f6.wav,Gunshot_or_gunfire Fireworks Bark
7b2f865c.wav,Fireworks Drawer_open_or_close Writing
7b3c2236.wav,Applause Bark Trumpet
7b604493.wav,Clarinet Laughter Bark
7b672f5a.wav,Shatter Chime Hi-hat
7b7dd15e.wav,Hi-hat Burping_or_eructation Fart
7b851138.wav,Bark Gunshot_or_gunfire Shatter
7b944469.wav,Chime Cough Writing
7c444d1b.wav,Trumpet Clarinet Cough
7c56f810.wav,Saxophone Flute Cello
7c6c426f.wav,Cello Meow Trumpet
7c9fb8d6.wav,Applause Laughter Trumpet
7cd190e1.wav,Fart Cough Gunshot_or_gunfire
7cf717b3.wav,Saxophone Flute Laughter
7d106d05.wav,Violin_or_fiddle Double_bass Saxophone
7d6bdda3.wav,Hi-hat Snare_drum Fart
7d99fba9.wav,Saxophone Violin_or_fiddle Trumpet
7da94cf9.wav,Cough Keys_jangling Shatter
7dec6ff1.wav,Computer_keyboard Gunshot_or_gunfire Shatter
7e1c049f.wav,Clarinet Flute Cough
7e444cea.wav,Cough Shatter Keys_jangling
7e4fb0e6.wav,Harmonica Saxophone Tearing
7e57ebd1.wav,Tambourine Hi-hat Shatter
7e769882.wav,Bass_drum Drawer_open_or_close Computer_keyboard
7eb3a36a.wav,Squeak Bark Chime
7ed98e85.wav,Chime Shatter Squeak
7ef693d8.wav,Shatter Keys_jangling Gunshot_or_gunfire
7ef76869.wav,Gong Electric_piano Acoustic_guitar
7f77b540.wav,Saxophone Trumpet Flute
7fbc0a0e.wav,Tearing Shatter Fireworks
7fd7c943.wav,Saxophone Acoustic_guitar Flute
7fe3251a.wav,Tambourine Chime Meow
7ffe5c32.wav,Acoustic_guitar Bass_drum Electric_piano
7fffb435.wav,Oboe Saxophone Trumpet
80015cae.wav,Gong Trumpet Chime
800b8e51.wav,Cowbell Hi-hat Bass_drum
80158b0d.wav,Double_bass Cello Acoustic_guitar
80197fba.wav,Gong Chime Applause
803b5f25.wav,Laughter Cough Squeak
80e195c8.wav,Drawer_open_or_close Microwave_oven Knock
8123314e.wav,Laughter Cough Fart
8128ca7b.wav,Violin_or_fiddle Flute Saxophone
8128fdb4.wav,Laughter Burping_or_eructation Telephone
81654370.wav,Violin_or_fiddle Trumpet Saxophone
81739d68.wav,Trumpet Flute Oboe
818be90b.wav,Laughter Bark Cough
8199d25e.wav,Cough Laughter Bark
81b80360.wav,Microwave_oven Fireworks Drawer_open_or_close
81e18145.wav,Flute Cough Microwave_oven
820e3ccc.wav,Cowbell Flute Meow
82cd6729.wav,Fart Squeak Tearing
82f34a17.wav,Electric_piano Telephone Meow
83043bdc.wav,Cowbell Flute Bark
830a902c.wav,Tearing Scissors Writing
83257b4d.wav,Trumpet Flute Scissors
8348477e.wav,Harmonica Flute Squeak
83797d9c.wav,Bass_drum Double_bass Acoustic_guitar
8380505b.wav,Cowbell Flute Meow
840e825d.wav,Telephone Harmonica Glockenspiel
845f8d7e.wav,Hi-hat Gong Shatter
8464084e.wav,Applause Trumpet Gunshot_or_gunfire
848d0520.wav,Violin_or_fiddle Acoustic_guitar Shatter
84b28400.wav,Saxophone Flute Bark
84e18e10.wav,Saxophone Trumpet Double_bass
84f1e21c.wav,Violin_or_fiddle Clarinet Microwave_oven
850e1d86.wav,Fireworks Bark Meow
850f5980.wav,Hi-hat Snare_drum Bass_drum
853939b1.wav,Shatter Bark Fireworks
856739f7.wav,Hi-hat Snare_drum Bass_drum
85888f43.wav,Keys_jangling Bark Shatter
85f729aa.wav,Saxophone Laughter Flute
86305008.wav,Clarinet Squeak Violin_or_fiddle
863b390d.wav,Violin_or_fiddle Clarinet Cello
86503b54.wav,Clarinet Flute Bark
86c07637.wav,Applause Bark Trumpet
870a15ad.wav,Acoustic_guitar Cello Violin_or_fiddle
870d8912.wav,Applause Computer_keyboard Gunshot_or_gunfire
872be6c6.wav,Acoustic_guitar Flute Cello
87490e51.wav,Chime Keys_jangling Tambourine
876169b6.wav,Acoustic_guitar Electric_piano Telephone
87d0f5c2.wav,Flute Clarinet Cough
885dd347.wav,Clarinet Flute Saxophone
88d8e3e7.wav,Fireworks Gunshot_or_gunfire Fart
8907f907.wav,Keys_jangling Chime Hi-hat
891af38f.wav,Cello Acoustic_guitar Double_bass
89248704.wav,Trumpet Flute Oboe
895edd06.wav,Flute Cowbell Meow
897071cd.wav,Bark Hi-hat Gunshot_or_gunfire
897a1c21.wav,Snare_drum Trumpet Glockenspiel
899b27fc.wav,Harmonica Squeak Oboe
89b36fe8.wav,Acoustic_guitar Snare_drum Harmonica
8a23c5d3.wav,Gunshot_or_gunfire Fireworks Bass_drum
8a2793a4.wav,Shatter Chime Meow
8a8f86ec.wav,Gunshot_or_gunfire Fireworks Bass_drum
8a94d1c5.wav,Chime Keys_jangling Microwave_oven
8aa3ebc6.wav,Fart Violin_or_fiddle Bark
8ad60086.wav,Harmonica Flute Violin_or_fiddle
8b79f42a.wav,Meow Bark Gunshot_or_gunfire
8b81813e.wav,Clarinet Flute Trumpet
8b855fd2.wav,Cough Knock Bark
8bb55062.wav,Squeak Violin_or_fiddle Harmonica
8bd5a1c6.wav,Applause Trumpet Gunshot_or_gunfire
8bdd4257.wav,Fart Fireworks Shatter
8c9af8f3.wav,Double_bass Bass_drum Knock
8cbc79b2.wav,Writing Tearing Shatter
8cf4e2d4.wav,Flute Clarinet Cough
8d13a005.wav,Snare_drum Clarinet Bass_drum
8d20f174.wav,Hi-hat Snare_drum Bass_drum
8d55d1fa.wav,Bark Cough Laughter
8d6b786d.wav,Meow Fireworks Bark
8de247b4.wav,Cough Shatter Trumpet
8e4f1712.wav,Applause Gunshot_or_gunfire Bark
8eed6f48.wav,Harmonica Acoustic_guitar Cello
8ef3d194.wav,Acoustic_guitar Cello Flute
8f1c2008.wav,Electric_piano Acoustic_guitar Flute
8f8b9651.wav,Meow Laughter Bark
8f8e82d1.wav,Tearing Fart Shatter
8f91c93d.wav,Drawer_open_or_close Microwave_oven Meow
8fd226a2.wav,Bark Fireworks Gunshot_or_gunfire
8ff902e9.wav,Bass_drum Fireworks Gunshot_or_gunfire
8ffab712.wav,Laughter Cough Fart
906516e4.wav,Cowbell Bark Shatter
907c343d.wav,Trumpet Clarinet Squeak
908bb124.wav,Flute Saxophone Clarinet
90b5bdfa.wav,Fireworks Applause Gunshot_or_gunfire
91553414.wav,Bus Fireworks Cough
91575ef7.wav,Fart Cough Bark
915fdd3d.wav,Tearing Keys_jangling Computer_keyboard
918d8fc9.wav,Chime Keys_jangling Hi-hat
91942bdb.wav,Glockenspiel Telephone Violin_or_fiddle
91b8d1f5.wav,Snare_drum Cowbell Gong
91d28795.wav,Knock Gunshot_or_gunfire Shatter
91d58d6a.wav,Trumpet Flute Oboe
91dcf56f.wav,Fireworks Gunshot_or_gunfire Shatter
91df997e.wav,Violin_or_fiddle Acoustic_guitar Trumpet
921a541d.wav,Clarinet Harmonica Squeak
92459670.wav,Acoustic_guitar Cello Violin_or_fiddle
9256c7f4.wav,Saxophone Flute Trumpet
9257c3b1.wav,Clarinet Oboe Squeak
925d7f4c.wav,Keys_jangling Shatter Tearing
92602a1b.wav,Acoustic_guitar Double_bass Flute
92740d41.wav,Writing Fireworks Knock
9275c40a.wav,Telephone Gong Shatter
9291c4b5.wav,Acoustic_guitar Violin_or_fiddle Gong
92929652.wav,Violin_or_fiddle Squeak Harmonica
92982e3c.wav,Oboe Clarinet Flute
92e273eb.wav,Cough Microwave_oven Finger_snapping
92f822dd.wav,Cowbell Flute Meow
932395f6.wav,Bark Shatter Writing
93243c6f.wav,Cough Laughter Tearing
93631fdd.wav,Flute Acoustic_guitar Clarinet
938e7cbe.wav,Snare_drum Applause Gunshot_or_gunfire
939ffae6.wav,Double_bass Acoustic_guitar Electric_piano
93be3526.wav,Chime Shatter Microwave_oven
93c1d8d1.wav,Tearing Bark Fireworks
93c686a3.wav,Squeak Chime Shatter
93f8f151.wav,Electric_piano Flute Acoustic_guitar
9408d9d8.wav,Chime Squeak Shatter
94127c15.wav,Shatter Tearing Gunshot_or_gunfire
9426d539.wav,Flute Chime Glockenspiel
94351b30.wav,Bark Gunshot_or_gunfire Scissors
945d6e10.wav,Snare_drum Harmonica Fart
9476d6c4.wav,Tearing Shatter Fireworks
94a9ac6d.wav,Tearing Hi-hat Fart
94da7dca.wav,Bark Laughter Writing
9505e4f7.wav,Tambourine Chime Shatter
9546c28d.wav,Bark Scissors Squeak
9569780a.wav,Cowbell Meow Shatter
9571b304.wav,Tambourine Chime Shatter
9581aba0.wav,Gunshot_or_gunfire Knock Cough
95adeda9.wav,Glockenspiel Trumpet Chime
96205cdd.wav,Trumpet Cough Violin_or_fiddle
96431b4e.wav,Telephone Clarinet Electric_piano
9657dc79.wav,Hi-hat Shatter Fart
966a55fa.wav,Tambourine Meow Chime
9693b612.wav,Flute Clarinet Saxophone
96a00a8d.wav,Cough Knock Shatter
96a0eea4.wav,Keys_jangling Shatter Tambourine
96e29215.wav,Acoustic_guitar Electric_piano Cello
96eb705a.wav,Glockenspiel Electric_piano Chime
96f7a0c5.wav,Computer_keyboard Squeak Shatter
97238e88.wav,Double_bass Cello Acoustic_guitar
9764bf43.wav,Drawer_open_or_close Bus Gunshot_or_gunfire
976a40fb.wav,Cough Writing Shatter
9770293b.wav,Snare_drum Hi-hat Shatter
978d94c2.wav,Electric_piano Acoustic_guitar Double_bass
97c047e3.wav,Bark Gunshot_or_gunfire Shatter
97e724da.wav,Computer_keyboard Keys_jangling Drawer_open_or_close
98195f7c.wav,Scissors Tearing Computer_keyboard
98238965.wav,Keys_jangling Tearing Shatter
98240e2f.wav,Saxophone Violin_or_fiddle Flute
98699863.wav,Electric_piano Double_bass Acoustic_guitar
98b3bf67.wav,Violin_or_fiddle Meow Chime
98c4a766.wav,Violin_or_fiddle Trumpet Flute
98e5081d.wav,Bass_drum Snare_drum Cough
98ec2bde.wav,Meow Bark Laughter
993b8d3b.wav,Tearing Snare_drum Drawer_open_or_close
9958521a.wav,Clarinet Oboe Saxophone
996e7bd3.wav,Cello Double_bass Acoustic_guitar
997199bf.wav,Burping_or_eructation Cough Fart
9980da68.wav,Double_bass Cello Acoustic_guitar
99a93799.wav,Knock Bark Fireworks
99c5bef4.wav,Clarinet Saxophone Electric_piano
99c9915c.wav,Flute Clarinet Trumpet
9a0f1d2b.wav,Saxophone Bark Flute
9a51bee8.wav,Bark Drawer_open_or_close Fireworks
9b174107.wav,Violin_or_fiddle Cello Harmonica
9b1825ea.wav,Fart Bark Cowbell
9b2b21bb.wav,Cello Acoustic_guitar Double_bass
9b2dcfef.wav,Clarinet Trumpet Flute
9bb6e17e.wav,Laughter Bark Cough
9bc1b7ae.wav,Electric_piano Double_bass Acoustic_guitar
9bc9408c.wav,Microwave_oven Cello Bark
9c14157b.wav,Burping_or_eructation Fart Cough
9c7cee6e.wav,Tambourine Chime Shatter
9c80c2dc.wav,Microwave_oven Bus Bark
9cb91ac4.wav,Double_bass Acoustic_guitar Bass_drum
9cd2f7ce.wav,Hi-hat Tambourine Scissors
9ce62ba5.wav,Violin_or_fiddle Clarinet Cello
9ced683f.wav,Knock Gunshot_or_gunfire Fireworks
9d241042.wav,Writing Knock Shatter
9d299d8c.wav,Clarinet Flute Oboe
9d2d9c56.wav,Glockenspiel Chime Electric_piano
9d4f422d.wav,Flute Clarinet Cough
9d7e3931.wav,Laughter Bark Cough
9d9dc988.wav,Laughter Bark Writing
9e209e1a.wav,Shatter Chime Hi-hat
9e4016e8.wav,Keys_jangling Shatter Writing
9e4b301c.wav,Microwave_oven Shatter Chime
9e4e279a.wav,Double_bass Acoustic_guitar Cello
9e68a6ce.wav,Cowbell Flute Tearing
9e7de1e2.wav,Clarinet Harmonica Flute
9ea318bd.wav,Saxophone Harmonica Cough
9eb4fa3f.wav,Tambourine Meow Chime
9eba82c2.wav,Hi-hat Finger_snapping Snare_drum
9ec4b37a.wav,Gunshot_or_gunfire Shatter Fireworks
9ec78e79.wav,Cough Writing Shatter
9ed0545a.wav,Harmonica Violin_or_fiddle Clarinet
9edc7957.wav,Violin_or_fiddle Clarinet Glockenspiel
9f12eb4e.wav,Cough Knock Shatter
9f195714.wav,Chime Squeak Glockenspiel
9f5e72d9.wav,Bass_drum Meow Trumpet
9fac6408.wav,Fireworks Gunshot_or_gunfire Bass_drum
9fd682a3.wav,Double_bass Bass_drum Snare_drum
a0152732.wav,Trumpet Meow Saxophone
a03e3cdd.wav,Electric_piano Telephone Meow
a0b4028c.wav,Writing Drawer_open_or_close Tearing
a0c9407e.wav,Laughter Bark Cough
a0cfc875.wav,Gong Electric_piano Chime
a1044692.wav,Writing Bark Tearing
a11c68e9.wav,Keys_jangling Shatter Bark
a1514dd7.wav,Fart Tearing Gunshot_or_gunfire
a19a76c1.wav,Cello Trumpet Double_bass
a1a2cd91.wav,Bark Laughter Scissors
a1a61527.wav,Tambourine Meow Hi-hat
a1c8ce98.wav,Harmonica Cello Fart
a1d1c681.wav,Trumpet Violin_or_fiddle Harmonica
a253f4e7.wav,Bus Bass_drum Fart
a2652019.wav,Laughter Bark Fart
a2c79f1a.wav,Double_bass Cello Trumpet
a2d6d734.wav,Cowbell Bark Flute
a2e551e2.wav,Bark Fireworks Computer_keyboard
a2f6c38c.wav,Knock Bark Bass_drum
a301c238.wav,Fart Trumpet Gunshot_or_gunfire
a3135c68.wav,Computer_keyboard Shatter Finger_snapping
a36642b4.wav,Flute Fart Violin_or_fiddle
a37114c4.wav,Laughter Applause Bark
a3744720.wav,Burping_or_eructation Laughter Telephone
a38b310f.wav,Flute Harmonica Clarinet
a39640a6.wav,Violin_or_fiddle Double_bass Electric_piano
a3d78cd5.wav,Chime Acoustic_guitar Gong
a3e69b4e.wav,Oboe Saxophone Meow
a414c520.wav,Snare_drum Double_bass Bass_drum
a4265282.wav,Double_bass Cello Acoustic_guitar
a43df00b.wav,Fart Burping_or_eructation Cough
a476e03f.wav,Cowbell Hi-hat Flute
a4789a53.wav,Applause Trumpet Fart
a48b8892.wav,Burping_or_eructation Cough Fart
a4c78d41.wav,Chime Glockenspiel Electric_piano
a5124583.wav,Bark Drawer_open_or_close Violin_or_fiddle
a569b358.wav,Clarinet Saxophone Bark
a57e36a5.wav,Bus Bark Gunshot_or_gunfire
a5989d06.wav,Fireworks Gunshot_or_gunfire Snare_drum
a5d692a3.wav,Chime Keys_jangling Tambourine
a5da5acc.wav,Keys_jangling Scissors Tambourine
a5f420d3.wav,Shatter Chime Hi-hat
a6188eae.wav,Clarinet Violin_or_fiddle Hi-hat
a6420818.wav,Tambourine Meow Chime
a673acdc.wav,Tambourine Hi-hat Keys_jangling
a676aec7.wav,Flute Clarinet Cello
a704c559.wav,Tearing Shatter Writing
a71b3c94.wav,Telephone Electric_piano Bark
a756054c.wav,Meow Squeak Clarinet
a7e2c92c.wav,Knock Gunshot_or_gunfire Trumpet
a7fa1420.wav,Oboe Trumpet Flute
a811568c.wav,Hi-hat Scissors Keys_jangling
a81240e1.wav,Gunshot_or_gunfire Snare_drum Applause
a81e38d2.wav,Violin_or_fiddle Acoustic_guitar Cello
a82b6e0c.wav,Computer_keyboard Bark Writing
a84333c6.wav,Bus Bass_drum Shatter
a84e442a.wav,Flute Clarinet Chime
a89e75c2.wav,Squeak Harmonica Chime
a8a1f70d.wav,Trumpet Cough Saxophone
a8b3a314.wav,Bass_drum Double_bass Snare_drum
a8c4273f.wav,Cowbell Snare_drum Hi-hat
a8dbfd4d.wav,Shatter Cough Computer_keyboard
a8e6db3f.wav,Cowbell Flute Meow
a8ece5fd.wav,Chime Acoustic_guitar Harmonica
a911ed29.wav,Snare_drum Violin_or_fiddle Cough
a913f607.wav,Microwave_oven Bark Fireworks
a9899813.wav,Flute Cello Clarinet
a9a0f11e.wav,Harmonica Flute Meow
a9b5cc7c.wav,Keys_jangling Hi-hat Scissors
aa39907a.wav,Harmonica Acoustic_guitar Cello
aa41eeec.wav,Snare_drum Hi-hat Violin_or_fiddle
aa4e07a4.wav,Scissors Keys_jangling Tearing
aaaa667f.wav,Knock Cough Gunshot_or_gunfire
ab0a7aa3.wav,Flute Violin_or_fiddle Double_bass
ab3afc37.wav,Cello Double_bass Acoustic_guitar
ab63bd75.wav,Cowbell Flute Acoustic_guitar
abd88f50.wav,Applause Bark Shatter
abe03624.wav,Fart Bass_drum Snare_drum
abf29673.wav,Saxophone Flute Clarinet
ac4477b8.wav,Bass_drum Knock Cough
ac755dd6.wav,Squeak Clarinet Tearing
ac822579.wav,Violin_or_fiddle Saxophone Cello
ac909b62.wav,Cough Laughter Burping_or_eructation
acb33e73.wav,Violin_or_fiddle Trumpet Flute
acd9adb9.wav,Snare_drum Hi-hat Shatter
acdcfb8f.wav,Violin_or_fiddle Shatter Cello
ad142ed0.wav,Squeak Drawer_open_or_close Laughter
ad5821b3.wav,Scissors Keys_jangling Tambourine
ad814adf.wav,Saxophone Oboe Trumpet
adbf84f5.wav,Cowbell Glockenspiel Flute
ae1e828a.wav,Cello Double_bass Knock
ae23366f.wav,Bark Chime Flute
ae331164.wav,Violin_or_fiddle Bark Squeak
ae58af6d.wav,Bark Applause Fireworks
aeade423.wav,Computer_keyboard Shatter Cough
aeb8716a.wav,Finger_snapping Cough Shatter
aebe749b.wav,Shatter Keys_jangling Fart
af0ae5a0.wav,Fart Bass_drum Gunshot_or_gunfire
af1a32e1.wav,Tearing Shatter Writing
af43843d.wav,Violin_or_fiddle Squeak Meow
af44663e.wav,Tearing Fireworks Shatter
af588819.wav,Bark Laughter Writing
af70136f.wav,Gunshot_or_gunfire Bass_drum Fireworks
af728aaf.wav,Shatter Meow Keys_jangling
af894f32.wav,Clarinet Cough Flute
afb0323a.wav,Electric_piano Telephone Meow
affa1b00.wav,Saxophone Flute Laughter
b05ac4fc.wav,Saxophone Harmonica Flute
b0751f20.wav,Meow Gunshot_or_gunfire Bark
b0898c92.wav,Shatter Violin_or_fiddle Gunshot_or_gunfire
b0efba86.wav,Flute Clarinet Trumpet
b113ef5c.wav,Knock Gunshot_or_gunfire Bass_drum
b124d6f9.wav,Gong Squeak Snare_drum
b1428412.wav,Knock Writing Squeak
b16f66a5.wav,Chime Hi-hat Shatter
b18706e8.wav,Gunshot_or_gunfire Bass_drum Shatter
b1b41c63.wav,Electric_piano Acoustic_guitar Double_bass
b1b4ca7e.wav,Gunshot_or_gunfire Fart Bass_drum
b1c42922.wav,Cello Trumpet Saxophone
b1fc874b.wav,Keys_jangling Hi-hat Writing
b1fd238a.wav,Clarinet Flute Trumpet
b212832d.wav,Applause Fireworks Tearing
b2319798.wav,Fart Fireworks Shatter
b25fcbc1.wav,Tearing Fart Hi-hat
b27400cc.wav,Clarinet Flute Saxophone
b290f28b.wav,Finger_snapping Bark Fart
b292cc33.wav,Chime Snare_drum Squeak
b299170c.wav,Hi-hat Chime Writing
b2a232ab.wav,Bass_drum Gunshot_or_gunfire Finger_snapping
b2e8642e.wav,Saxophone Acoustic_guitar Cello
b374f39a.wav,Squeak Computer_keyboard Laughter
b3a6714b.wav,Gunshot_or_gunfire Bark Tearing
b3b80eb6.wav,Laughter Bark Meow
b3d4dd33.wav,Flute Clarinet Cough
b3eaac5a.wav,Saxophone Acoustic_guitar Double_bass
b3f95242.wav,Double_bass Violin_or_fiddle Cello
b416d2a7.wav,Tearing Fart Snare_drum
b418dcc1.wav,Cello Acoustic_guitar Double_bass
b44a7aea.wav,Double_bass Acoustic_guitar Cello
b4719dc1.wav,Oboe Trumpet Bark
b4aaa0bb.wav,Gong Snare_drum Hi-hat
b4c9b8c7.wav,Hi-hat Tambourine Bass_drum
b4e8b943.wav,Violin_or_fiddle Cello Acoustic_guitar
b4eb0468.wav,Acoustic_guitar Cello Clarinet
b509697d.wav,Acoustic_guitar Violin_or_fiddle Electric_piano
b51bb236.wav,Clarinet Violin_or_fiddle Oboe
b558734e.wav,Saxophone Fart Laughter
b63d2dd9.wav,Acoustic_guitar Bark Snare_drum
b6622ae5.wav,Burping_or_eructation Bark Squeak
b6639217.wav,Cough Finger_snapping Scissors
b66cffa2.wav,Hi-hat Snare_drum Shatter
b66e6cb2.wav,Acoustic_guitar Cello Double_bass
b68f6fc8.wav,Saxophone Flute Clarinet
b6dc900b.wav,Glockenspiel Microwave_oven Electric_piano
b6f5b9d4.wav,Flute Clarinet Oboe
b73ce56b.wav,Gunshot_or_gunfire Bus Fireworks
b778d45e.wav,Writing Bark Cough
b795119f.wav,Violin_or_fiddle Flute Saxophone
b80565b4.wav,Shatter Tearing Keys_jangling
b8083654.wav,Keys_jangling Hi-hat Tambourine
b80a41ad.wav,Violin_or_fiddle Cello Microwave_oven
b81dd0c2.wav,Shatter Drawer_open_or_close Fart
b82a18d6.wav,Burping_or_eructation Knock Laughter
b8456dd4.wav,Bark Squeak Meow
b84bad83.wav,Flute Gong Bark
b84ceb6c.wav,Tearing Squeak Keys_jangling
b862ed8b.wav,Bus Trumpet Meow
b8ae388a.wav,Cello Violin_or_fiddle Gong
b8dc7f65.wav,Violin_or_fiddle Cello Squeak
b8e5173e.wav,Shatter Keys_jangling Gunshot_or_gunfire
b9465744.wav,Meow Finger_snapping Chime
b99c77a5.wav,Harmonica Trumpet Squeak
b9ea68ec.wav,Clarinet Flute Bark
b9f3e65d.wav,Violin_or_fiddle Flute Trumpet
ba0a46b9.wav,Knock Writing Microwave_oven
ba121fa8.wav,Flute Clarinet Trumpet
ba3afdb2.wav,Clarinet Shatter Cough
ba4aef44.wav,Chime Shatter Violin_or_fiddle
ba696ee8.wav,Electric_piano Bass_drum Acoustic_guitar
ba732e45.wav,Laughter Bark Cough
ba873ba8.wav,Bus Fireworks Gunshot_or_gunfire
ba9443c7.wav,Oboe Trumpet Clarinet
bb3afddd.wav,Clarinet Flute Trumpet
bb568be5.wav,Fireworks Bark Applause
bbc360cb.wav,Writing Keys_jangling Shatter
bbdeac4e.wav,Cello Saxophone Acoustic_guitar
bbe1a14c.wav,Cough Laughter Bark
bbf97aa9.wav,Glockenspiel Chime Squeak
bc0cd163.wav,Cough Bark Laughter
bc0d54b5.wav,Trumpet Oboe Clarinet
bc2cc241.wav,Flute Telephone Harmonica
bc34f748.wav,Violin_or_fiddle Trumpet Snare_drum
bc57d17d.wav,Chime Microwave_oven Flute
bc58fae1.wav,Scissors Tearing Finger_snapping
bc89b9ec.wav,Gong Violin_or_fiddle Cello
bc9c55c2.wav,Cough Burping_or_eructation Laughter
bc9ecaac.wav,Applause Bark Shatter
bd062294.wav,Cello Double_bass Acoustic_guitar
bd0a9017.wav,Writing Bark Tearing
bd772d30.wav,Knock Bark Cough
bdc28adc.wav,Clarinet Cough Flute
bdc3a110.wav,Gunshot_or_gunfire Fireworks Bass_drum
bdee019c.wav,Bark Fireworks Microwave_oven
be09bb9d.wav,Acoustic_guitar Flute Violin_or_fiddle
be264bf2.wav,Bus Fireworks Burping_or_eructation
be437c69.wav,Acoustic_guitar Cello Electric_piano
be7277bc.wav,Double_bass Acoustic_guitar Cello
be8f6c7c.wav,Finger_snapping Scissors Tearing
be92929b.wav,Laughter Bark Cough
be977e89.wav,Computer_keyboard Writing Bark
be97f271.wav,Bus Snare_drum Meow
bea3dcfa.wav,Hi-hat Fart Harmonica
bee570da.wav,Oboe Flute Clarinet
bee6c09a.wav,Fireworks Gunshot_or_gunfire Applause
bef2e832.wav,Meow Computer_keyboard Bark
bef40206.wav,Oboe Trumpet Clarinet
bf05bec8.wav,Laughter Bark Tearing
bf0dc1b9.wav,Bark Gunshot_or_gunfire Fireworks
bf12e1fd.wav,Tearing Writing Keys_jangling
bf698a07.wav,Snare_drum Gunshot_or_gunfire Shatter
bf72b23f.wav,Electric_piano Acoustic_guitar Chime
bf8375fc.wav,Fart Meow Shatter
bfb167e0.wav,Computer_keyboard Keys_jangling Drawer_open_or_close
bfb8d9eb.wav,Bass_drum Cough Hi-hat
bfd90a5f.wav,Cough Laughter Bark
bff955c6.wav,Cough Laughter Tambourine
c029b799.wav,Bark Cough Fart
c0933f1f.wav,Saxophone Acoustic_guitar Cello
c0b5ac20.wav,Meow Trumpet Saxophone
c0f3b6a8.wav,Telephone Chime Shatter
c0fe39ac.wav,Telephone Chime Shatter
c10f216b.wav,Violin_or_fiddle Trumpet Flute
c14b528c.wav,Chime Hi-hat Writing
c159bdbb.wav,Acoustic_guitar Gong Cello
c161f5a7.wav,Clarinet Microwave_oven Squeak
c1828369.wav,Fart Applause Bark
c194eded.wav,Computer_keyboard Writing Drawer_open_or_close
c1b721a1.wav,Violin_or_fiddle Snare_drum Hi-hat
c20aac7f.wav,Cough Bark Laughter
c22a36bd.wav,Writing Meow Computer_keyboard
c25bf513.wav,Bark Laughter Tearing
c28ae479.wav,Cough Fart Laughter
c28b7984.wav,Cowbell Meow Shatter
c295a81b.wav,Cough Tearing Bark
c2c5c966.wav,Cowbell Meow Trumpet
c2dbf201.wav,Tearing Writing Keys_jangling
c2de2233.wav,Meow Fart Squeak
c2ef914d.wav,Snare_drum Violin_or_fiddle Double_bass
c36a59f9.wav,Acoustic_guitar Violin_or_fiddle Bark
c37eaf5c.wav,Double_bass Electric_piano Acoustic_guitar
c3850244.wav,Gunshot_or_gunfire Bark Fireworks
c3bc8ef9.wav,Tearing Scissors Keys_jangling
c3c0d19a.wav,Burping_or_eructation Cough Telephone
c43d2146.wav,Shatter Keys_jangling Squeak
c47b9a51.wav,Gunshot_or_gunfire Fireworks Bark
c4901490.wav,Flute Clarinet Saxophone
c5869407.wav,Tambourine Meow Chime
c590b377.wav,Cello Double_bass Violin_or_fiddle
c5a307f5.wav,Applause Bass_drum Fireworks
c5ee7298.wav,Violin_or_fiddle Flute Saxophone
c681ec18.wav,Laughter Bark Chime
c68fa34a.wav,Double_bass Acoustic_guitar Cello
c69955e7.wav,Gunshot_or_gunfire Fireworks Applause
c6abd566.wav,Tearing Computer_keyboard Keys_jangling
c6c86c7e.wav,Meow Chime Cowbell
c6c8d2e9.wav,Fart Burping_or_eructation Laughter
c6d8f5e0.wav,Violin_or_fiddle Flute Clarinet
c71d4dca.wav,Flute Trumpet Saxophone
c71ffabf.wav,Acoustic_guitar Electric_piano Gong
c7398e6a.wav,Applause Computer_keyboard Gunshot_or_gunfire
c74581f9.wav,Meow Squeak Bark
c769700d.wav,Flute Violin_or_fiddle Cowbell
c7aa4025.wav,Computer_keyboard Tearing Writing
c7b3c09e.wav,Tearing Computer_keyboard Writing
c7cb0756.wav,Trumpet Oboe Flute
c7cc4642.wav,Telephone Cowbell Squeak
c810043d.wav,Chime Shatter Keys_jangling
c8817351.wav,Clarinet Shatter Keys_jangling
c8adbde3.wav,Bark Fireworks Drawer_open_or_close
c8fa5db4.wav,Cello Double_bass Violin_or_fiddle
c92a3475.wav,Bark Cough Fart
c949e9e5.wav,Double_bass Cello Acoustic_guitar
c95aa254.wav,Gunshot_or_gunfire Fireworks Shatter
c967660f.wav,Applause Trumpet Bark
c996ca4c.wav,Saxophone Telephone Cough
c998d466.wav,Electric_piano Double_bass Acoustic_guitar
c9aa3c62.wav,Meow Finger_snapping Cowbell
c9e0106a.wav,Trumpet Hi-hat Chime
c9e0c8d1.wav,Saxophone Cello Telephone
c9e9eda5.wav,Hi-hat Tearing Trumpet
ca087c9a.wav,Shatter Fart Squeak
ca23f652.wav,Bark Meow Cough
ca518ffa.wav,Flute Harmonica Meow
ca70cef8.wav,Chime Acoustic_guitar Squeak
cabee68d.wav,Telephone Electric_piano Flute
cae702e8.wav,Violin_or_fiddle Flute Hi-hat
cb64bba5.wav,Saxophone Bark Cough
cb84bad3.wav,Tambourine Meow Chime
cb859549.wav,Shatter Tearing Fart
cb910861.wav,Telephone Bass_drum Cowbell
cbc6e28a.wav,Hi-hat Snare_drum Bass_drum
cbd6b37c.wav,Finger_snapping Meow Cowbell
cbd6fa7c.wav,Saxophone Fart Acoustic_guitar
cc024474.wav,Acoustic_guitar Double_bass Violin_or_fiddle
cc1f92f9.wav,Gong Trumpet Acoustic_guitar
cc4c0739.wav,Telephone Meow Chime
cc60615b.wav,Cough Laughter Burping_or_eructation
cc7ba40a.wav,Cello Violin_or_fiddle Flute
cc88d96e.wav,Shatter Hi-hat Keys_jangling
cc8a484c.wav,Electric_piano Chime Gong
cca828c5.wav,Violin_or_fiddle Flute Squeak
cce9ee09.wav,Bark Laughter Meow
cd0c2a96.wav,Clarinet Flute Fireworks
cd6dd770.wav,Violin_or_fiddle Harmonica Flute
cdfe1fa9.wav,Acoustic_guitar Fart Snare_drum
ce06a3ca.wav,Squeak Violin_or_fiddle Flute
ce6859a8.wav,Flute Cello Acoustic_guitar
ce9c1ce8.wav,Violin_or_fiddle Snare_drum Hi-hat
cea165f8.wav,Cough Laughter Bark
cee063a7.wav,Electric_piano Violin_or_fiddle Flute
ceef96eb.wav,Laughter Cough Cello
cf156f7d.wav,Violin_or_fiddle Trumpet Saxophone
cf2c1168.wav,Flute Saxophone Harmonica
cf3f6594.wav,Electric_piano Acoustic_guitar Double_bass
cf510fc8.wav,Fireworks Gunshot_or_gunfire Shatter
cf655c72.wav,Saxophone Oboe Trumpet
cf9fa471.wav,Flute Saxophone Trumpet
cfadac1f.wav,Chime Bark Acoustic_guitar
cfc16683.wav,Snare_drum Gunshot_or_gunfire Shatter
cfc20796.wav,Bass_drum Gunshot_or_gunfire Snare_drum
cfc2388d.wav,Bark Laughter Writing
d001e455.wav,Gunshot_or_gunfire Fireworks Bass_drum
d02c2598.wav,Bus Fireworks Gunshot_or_gunfire
d0893bc2.wav,Meow Finger_snapping Fart
d09374f6.wav,Glockenspiel Chime Electric_piano
d0a1d8f7.wav,Chime Electric_piano Glockenspiel
d0be1421.wav,Laughter Cough Bark
d0c91340.wav,Flute Clarinet Oboe
d0cd7cf4.wav,Bus Microwave_oven Fireworks
d129bdd6.wav,Laughter Bark Cough
d1400cef.wav,Cowbell Flute Shatter
d16ca5cd.wav,Chime Telephone Cowbell
d1ee15b3.wav,Applause Fart Trumpet
d202bb43.wav,Violin_or_fiddle Saxophone Double_bass
d256e250.wav,Chime Violin_or_fiddle Squeak
d290f44f.wav,Cough Bark Laughter
d2ad2076.wav,Violin_or_fiddle Clarinet Cello
d2b5382b.wav,Cello Violin_or_fiddle Trumpet
d300a533.wav,Bark Laughter Cowbell
d3260470.wav,Violin_or_fiddle Trumpet Bark
d3869bfb.wav,Hi-hat Shatter Scissors
d38d7ebf.wav,Clarinet Fireworks Shatter
d3945cfc.wav,Hi-hat Snare_drum Tambourine
d3fe26a1.wav,Violin_or_fiddle Harmonica Flute
d4363c06.wav,Telephone Laughter Tearing
d4ad4ca9.wav,Drawer_open_or_close Shatter Cough
d4b11bd7.wav,Bark Fireworks Shatter
d4d395ee.wav,Laughter Bark Cough
d4e0f124.wav,Saxophone Trumpet Cough
d4e15f25.wav,Violin_or_fiddle Trumpet Flute
d53b1b89.wav,Acoustic_guitar Gong Cello
d5479db2.wav,Bark Fireworks Gunshot_or_gunfire
d5486a44.wav,Gunshot_or_gunfire Fireworks Shatter
d593ed57.wav,Hi-hat Snare_drum Finger_snapping
d5a90c14.wav,Shatter Hi-hat Chime
d5ab8880.wav,Acoustic_guitar Electric_piano Double_bass
d5f8a25d.wav,Squeak Fart Laughter
d6055d26.wav,Bus Fireworks Microwave_oven
d618ccf7.wav,Cello Double_bass Acoustic_guitar
d63fe4b7.wav,Trumpet Chime Bark
d6afd652.wav,Snare_drum Drawer_open_or_close Gunshot_or_gunfire
d6c150c6.wav,Shatter Writing Tearing
d6ea15c3.wav,Hi-hat Shatter Snare_drum
d7042a7a.wav,Clarinet Bark Cough
d73f4f11.wav,Saxophone Clarinet Oboe
d798f941.wav,Computer_keyboard Writing Bark
d7ad7cda.wav,Glockenspiel Chime Electric_piano
d7b3fe53.wav,Keys_jangling Shatter Squeak
d7b731c9.wav,Applause Tearing Shatter
d7dbe619.wav,Computer_keyboard Tearing Scissors
d7e886f9.wav,Hi-hat Chime Writing
d80e3d8e.wav,Gunshot_or_gunfire Fireworks Bark
d8308d44.wav,Chime Clarinet Shatter
d833a5d3.wav,Clarinet Electric_piano Shatter
d835b7ea.wav,Bark Bass_drum Clarinet
d84358f2.wav,Harmonica Violin_or_fiddle Chime
d86acdda.wav,Double_bass Cello Acoustic_guitar
d86d62ff.wav,Bass_drum Hi-hat Fart
d89486f1.wav,Computer_keyboard Writing Tearing
d8a5405f.wav,Double_bass Acoustic_guitar Electric_piano
d8bd5749.wav,Hi-hat Snare_drum Bass_drum
d8f8c95d.wav,Trumpet Cough Keys_jangling
d8fcc6a7.wav,Tearing Writing Fart
d906c3e1.wav,Meow Gunshot_or_gunfire Fireworks
d90d0204.wav,Fireworks Gunshot_or_gunfire Shatter
d91a7905.wav,Clarinet Oboe Saxophone
d9218f57.wav,Tearing Shatter Cough
d922f831.wav,Gunshot_or_gunfire Meow Shatter
d97de818.wav,Oboe Clarinet Saxophone
da0a9d6d.wav,Chime Shatter Cough
da0d5d08.wav,Acoustic_guitar Gong Electric_piano
da25f8e0.wav,Knock Shatter Cough
da303aa2.wav,Saxophone Trumpet Flute
da33f9e9.wav,Clarinet Cello Squeak
da49415f.wav,Fireworks Bus Gunshot_or_gunfire
da543326.wav,Cello Trumpet Acoustic_guitar
daad94be.wav,Microwave_oven Shatter Bark
dad459c3.wav,Cowbell Flute Meow
daf97535.wav,Fireworks Chime Squeak
db3fabc3.wav,Violin_or_fiddle Acoustic_guitar Cello
db434d06.wav,Violin_or_fiddle Cello Flute
db662201.wav,Cowbell Meow Chime
db8fb7dd.wav,Trumpet Meow Gong
dbd4e519.wav,Clarinet Fireworks Cough
dbde9242.wav,Cowbell Flute Meow
dc16466b.wav,Trumpet Flute Clarinet
dc1dc06d.wav,Fireworks Cough Gunshot_or_gunfire
dc5896a3.wav,Bass_drum Trumpet Keys_jangling
dc64686e.wav,Shatter Squeak Trumpet
dce36540.wav,Cowbell Telephone Bark
dceaa645.wav,Saxophone Fart Flute
dd07144f.wav,Saxophone Squeak Laughter
dd95828a.wav,Saxophone Trumpet Acoustic_guitar
de1246d6.wav,Saxophone Acoustic_guitar Electric_piano
de2542e2.wav,Trumpet Saxophone Flute
de8ce59b.wav,Tearing Keys_jangling Writing
de949e03.wav,Flute Cello Snare_drum
df0ea972.wav,Writing Laughter Cough
df645d4a.wav,Applause Fireworks Shatter
df7a5de3.wav,Hi-hat Snare_drum Bass_drum
dfa20dc8.wav,Clarinet Telephone Electric_piano
dfbc9586.wav,Hi-hat Shatter Writing
dfec892c.wav,Cough Bark Snare_drum
e02910e8.wav,Clarinet Telephone Acoustic_guitar
e06b1539.wav,Cough Laughter Fart
e0802994.wav,Bass_drum Writing Gunshot_or_gunfire
e0d96e55.wav,Applause Trumpet Gunshot_or_gunfire
e103173b.wav,Snare_drum Fart Gunshot_or_gunfire
e1145387.wav,Bark Cough Burping_or_eructation
e1611806.wav,Hi-hat Writing Chime
e19618a0.wav,Cello Saxophone Trumpet
e26962f7.wav,Clarinet Bark Laughter
e269a6c9.wav,Burping_or_eructation Bark Tearing
e269cdb6.wav,Cough Fart Meow
e2c7b0c7.wav,Snare_drum Hi-hat Flute
e2e69418.wav,Bark Fireworks Gunshot_or_gunfire
e35f12f0.wav,Flute Trumpet Meow
e3c90a56.wav,Computer_keyboard Shatter Squeak
e3f34b81.wav,Squeak Flute Clarinet
e42e694c.wav,Violin_or_fiddle Hi-hat Trumpet
e45de6c1.wav,Snare_drum Trumpet Harmonica
e472d18b.wav,Cough Burping_or_eructation Chime
e48176ee.wav,Clarinet Bark Cough
e481fcef.wav,Electric_piano Double_bass Cello
e4d51a78.wav,Hi-hat Trumpet Snare_drum
e51d02bc.wav,Burping_or_eructation Squeak Cough
e52a2307.wav,Laughter Bark Meow
e52d2253.wav,Cello Microwave_oven Bass_drum
e53df098.wav,Cough Laughter Bark
e5ec0d52.wav,Shatter Hi-hat Keys_jangling
e5f750d1.wav,Flute Clarinet Cough
e5fffe52.wav,Fireworks Bark Bass_drum
e61dfe87.wav,Microwave_oven Fart Bus
e68bd9bf.wav,Drawer_open_or_close Writing Meow
e6dcc36d.wav,Cowbell Flute Trumpet
e6eb9ec4.wav,Saxophone Trumpet Clarinet
e71c7193.wav,Chime Tambourine Meow
e752abed.wav,Tearing Fart Squeak
e75b4e5b.wav,Violin_or_fiddle Acoustic_guitar Cello
e769bae1.wav,Hi-hat Cowbell Cough
e77f8846.wav,Violin_or_fiddle Acoustic_guitar Gong
e78be583.wav,Violin_or_fiddle Gong Cello
e7b5ee52.wav,Bus Bark Laughter
e7b6a225.wav,Cough Laughter Bark
e7c9bcc6.wav,Oboe Clarinet Flute
e7dfd1f3.wav,Writing Tearing Fart
e8854b0e.wav,Saxophone Clarinet Cough
e89089ee.wav,Burping_or_eructation Cowbell Fart
e92a2aa1.wav,Trumpet Bark Laughter
e934d467.wav,Tambourine Meow Keys_jangling
e9431311.wav,Violin_or_fiddle Trumpet Microwave_oven
e94a8dd2.wav,Fart Telephone Gunshot_or_gunfire
e9561a4a.wav,Trumpet Flute Oboe
e97fbc54.wav,Gunshot_or_gunfire Bark Applause
e9938792.wav,Harmonica Trumpet Bark
e9b6db58.wav,Knock Fart Gunshot_or_gunfire
e9de0efa.wav,Cough Hi-hat Bark
ea14cf6b.wav,Violin_or_fiddle Flute Clarinet
eadaf6b6.wav,Shatter Keys_jangling Writing
eaf6699d.wav,Bus Gunshot_or_gunfire Meow
eb13babe.wav,Saxophone Double_bass Acoustic_guitar
ebd41dba.wav,Acoustic_guitar Microwave_oven Writing
ebe0b4db.wav,Electric_piano Gong Chime
ec012da0.wav,Tearing Writing Keys_jangling
ec0c4d2e.wav,Flute Trumpet Oboe
ec2b584c.wav,Cello Acoustic_guitar Squeak
ec3a44f8.wav,Keys_jangling Fireworks Gunshot_or_gunfire
ec683036.wav,Double_bass Acoustic_guitar Cello
ec8c2792.wav,Tambourine Meow Chime
ecd9337c.wav,Cough Laughter Bark
ed2802db.wav,Gong Squeak Electric_piano
ed2e9480.wav,Clarinet Cough Bark
ed376cdc.wav,Oboe Flute Trumpet
ed5d4897.wav,Tearing Writing Shatter
ed9385de.wav,Cello Violin_or_fiddle Acoustic_guitar
edc01573.wav,Bark Applause Drawer_open_or_close
ee15464b.wav,Clarinet Cough Flute
ee459aaf.wav,Meow Fart Shatter
ee68ada2.wav,Bass_drum Gunshot_or_gunfire Knock
ee93721d.wav,Clarinet Harmonica Trumpet
ee9f51a0.wav,Writing Applause Tearing
eea2fb52.wav,Computer_keyboard Drawer_open_or_close Writing
efa4618b.wav,Electric_piano Trumpet Bark
efe4ee16.wav,Gunshot_or_gunfire Fireworks Shatter
f04b9a80.wav,Violin_or_fiddle Cello Acoustic_guitar
f05791ca.wav,Knock Bark Fireworks
f08089a0.wav,Gong Harmonica Hi-hat
f08313da.wav,Fireworks Gunshot_or_gunfire Bus
f0a8bcac.wav,Fart Cough Meow
f0ccf0ad.wav,Snare_drum Bass_drum Hi-hat
f0cd3b22.wav,Applause Bark Gunshot_or_gunfire
f0d5373d.wav,Trumpet Applause Shatter
f0f06c4b.wav,Knock Shatter Writing
f17ce543.wav,Acoustic_guitar Cello Violin_or_fiddle
f18790fe.wav,Applause Bark Shatter
f1906c3d.wav,Laughter Bark Cough
f1c27002.wav,Keys_jangling Shatter Tearing
f22b0be7.wav,Finger_snapping Scissors Writing
f22e9699.wav,Tearing Fart Fireworks
f26f9711.wav,Glockenspiel Chime Cowbell
f2be783d.wav,Writing Tearing Keys_jangling
f2bf7e84.wav,Knock Shatter Gunshot_or_gunfire
f305a054.wav,Oboe Saxophone Trumpet
f330bf67.wav,Violin_or_fiddle Squeak Writing
f35775ce.wav,Gunshot_or_gunfire Hi-hat Snare_drum
f36cfcb5.wav,Applause Bark Trumpet
f3ab1ef3.wav,Hi-hat Fart Meow
f3dc4e70.wav,Writing Keys_jangling Tearing
f43f193a.wav,Bass_drum Fart Gunshot_or_gunfire
f45176ff.wav,Oboe Saxophone Violin_or_fiddle
f49ba3a9.wav,Bark Laughter Applause
f4ad1785.wav,Cowbell Meow Shatter
f4b04a05.wav,Tearing Shatter Squeak
f4deed2a.wav,Clarinet Flute Cough
f4e4574e.wav,Acoustic_guitar Cello Gong
f50df1a4.wav,Tearing Gunshot_or_gunfire Fart
f52523f9.wav,Meow Fart Bark
f5311216.wav,Saxophone Trumpet Tearing
f54da152.wav,Cowbell Meow Chime
f5c51456.wav,Applause Trumpet Finger_snapping
f5d2eea4.wav,Trumpet Cough Shatter
f5dd877a.wav,Violin_or_fiddle Trumpet Bark
f6129f6b.wav,Keys_jangling Shatter Squeak
f62211dc.wav,Gunshot_or_gunfire Drawer_open_or_close Knock
f6810709.wav,Hi-hat Shatter Tearing
f6a3ee71.wav,Shatter Fart Trumpet
f6ae1e9c.wav,Fireworks Flute Applause
f6d42b78.wav,Chime Squeak Glockenspiel
f6d67e6c.wav,Cowbell Hi-hat Shatter
f777f610.wav,Fart Fireworks Gunshot_or_gunfire
f7a95cdc.wav,Violin_or_fiddle Microwave_oven Shatter
f7eaa48b.wav,Gunshot_or_gunfire Knock Bass_drum
f8080b32.wav,Applause Fireworks Gunshot_or_gunfire
f80a4ff8.wav,Computer_keyboard Writing Meow
f80f48e8.wav,Gunshot_or_gunfire Fireworks Bass_drum
f8128d63.wav,Bark Drawer_open_or_close Cough
f819b0d1.wav,Trumpet Cough Laughter
f85a25b7.wav,Clarinet Trumpet Oboe
f87ab566.wav,Clarinet Bark Cough
f8a388b3.wav,Oboe Trumpet Clarinet
f8b71082.wav,Bass_drum Trumpet Clarinet
f8e1e10f.wav,Clarinet Squeak Meow
f8eadaaf.wav,Electric_piano Glockenspiel Microwave_oven
f8fb3da3.wav,Clarinet Saxophone Flute
f90ae625.wav,Chime Shatter Bark
f93b467d.wav,Gong Clarinet Trumpet
f98c8231.wav,Gunshot_or_gunfire Fireworks Bass_drum
f991465b.wav,Trumpet Saxophone Harmonica
f9e73570.wav,Violin_or_fiddle Clarinet Microwave_oven
fa2fa9ae.wav,Violin_or_fiddle Bark Shatter
fa43fdd8.wav,Cello Acoustic_guitar Violin_or_fiddle
fa45b631.wav,Oboe Saxophone Clarinet
fa6c3248.wav,Fart Bark Keys_jangling
faa76917.wav,Saxophone Trumpet Cello
fac25bd4.wav,Burping_or_eructation Cough Shatter
fad0ea2e.wav,Hi-hat Meow Trumpet
faef306c.wav,Keys_jangling Scissors Shatter
fb117dad.wav,Tearing Computer_keyboard Fart
fb4aed88.wav,Saxophone Flute Trumpet
fb84a793.wav,Clarinet Oboe Flute
fba0d044.wav,Bark Flute Cough
fbc83b12.wav,Saxophone Clarinet Fart
fbd280bc.wav,Bark Laughter Finger_snapping
fbe0bc84.wav,Fart Applause Tearing
fbf1ed93.wav,Oboe Trumpet Saxophone
fc0ab9f4.wav,Flute Clarinet Cough
fc6cefea.wav,Gong Fart Snare_drum
fc862923.wav,Cowbell Bark Trumpet
fca3a926.wav,Tearing Writing Fart
fcb11f8f.wav,Saxophone Flute Trumpet
fcd8fe9e.wav,Cough Laughter Burping_or_eructation
fce8e9f6.wav,Shatter Hi-hat Cough
fd346587.wav,Tearing Shatter Writing
fd3e7f3c.wav,Keys_jangling Tearing Shatter
fd408633.wav,Flute Trumpet Clarinet
fd576268.wav,Meow Cowbell Chime
fd6430d6.wav,Fart Computer_keyboard Gunshot_or_gunfire
fde27f1f.wav,Cello Trumpet Acoustic_guitar
fe04bfe5.wav,Gunshot_or_gunfire Applause Shatter
fe14e431.wav,Chime Keys_jangling Squeak
fe747b60.wav,Chime Shatter Glockenspiel
fe995ee3.wav,Bark Laughter Writing
fea0565a.wav,Writing Tearing Fart
feaffb2e.wav,Gong Bark Cello
feca9a9e.wav,Knock Gunshot_or_gunfire Trumpet
fed5f0e6.wav,Double_bass Cello Acoustic_guitar
ff1e6d63.wav,Oboe Saxophone Clarinet
ff5285a5.wav,Cello Acoustic_guitar Double_bass
ff720526.wav,Glockenspiel Chime Trumpet
ff812cf5.wav,Bass_drum Cough Gunshot_or_gunfire
ff81cc5d.wav,Saxophone Trumpet Flute
ff8c555d.wav,Gunshot_or_gunfire Fireworks Writing
ff8cfb2d.wav,Double_bass Trumpet Acoustic_guitar
ff96680f.wav,Meow Cello Laughter
ffa69cfc.wav,Telephone Glockenspiel Meow
ffaca82d.wav,Writing Keys_jangling Scissors
ffb6eb52.wav,Cowbell Meow Bark
ffba7963.wav,Clarinet Saxophone Bark
